{"cameraMode":{"drawMode":0,"name":"Shaded","section":"Shading Mode"},"sceneLighting":true,"audioPlay":false,"sceneViewState":{"showFog":true,"showMaterialUpdate":true,"showSkybox":true,"showFlares":true,"showImageEffects":true,"showParticleSystems":true},"in2DMode":false,"pivot":{"x":9.338106155395508,"y":10.774957656860352,"z":86.03913879394531},"rotation":{"x":0.1055474802851677,"y":-0.05366624891757965,"z":0.005715532694011927,"w":0.9929913878440857},"size":89.68125915527344,"orthographic":false}